<?xml version="1.0" encoding="UTF-8"?>
<project-private xmlns="http://www.netbeans.org/ns/project-private/1">
    <editor-bookmarks xmlns="http://www.netbeans.org/ns/editor-bookmarks/2" lastBookmarkId="0"/>
    <open-files xmlns="http://www.netbeans.org/ns/projectui-open-files/2">
        <group>
            <file>file:/C:/Users/17171000107/Desktop/aula15bd/src/view/PesquisaCurso.java</file>
            <file>file:/C:/Users/17171000107/Desktop/aula15bd/src/dao/CursoDAO.java</file>
            <file>file:/C:/Users/17171000107/Desktop/aula15bd/src/view/TelaCurso.java</file>
            <file>file:/C:/Users/17171000107/Desktop/aula15bd/src/model/Curso.java</file>
            <file>file:/C:/Users/17171000107/Desktop/aula15bd/src/conexao/ConexaoMySql.java</file>
        </group>
    </open-files>
</project-private>
